id,isDefault
1000575,0
1028125,0
1010694,0
1026712,0
1002895,0
1023930,0
1031202,0
1041065,0
1037799,0
1036385,0
1028640,0
1046198,0
1005902,0
1001958,0
1021171,0
1018693,0
1046881,0
1008394,0
1039986,0
1028449,0
1037670,0
1030356,0
1047759,0
1033422,0
1041457,0
1047669,0
1013635,0
1009911,0
1026052,0
1013010,0
1000541,0
1023933,0
1017173,0
1010278,0
1042322,0
1035083,0
1017136,0
1008825,0
1035744,0
1019544,0
1019583,0
1015244,0
1001057,0
1018597,0
1036106,0
1021590,0
1028479,0
1022178,0
1021768,0
1044905,0
1018188,0
1034782,0
1043358,0
1012386,0
1019710,0
1003882,0
1041743,0
1045699,0
1023722,0
1005903,0
1032382,0
1032769,0
1016556,0
1018606,0
1034996,0
1030041,0
1034236,0
1027554,0
1005162,0
1011175,0
1033902,0
1014356,0
1045176,0
1048152,0
1026600,0
1046111,0
1010478,0
1019200,0
1030818,0
1041083,0
1020605,0
1020932,0
1031833,0
1002413,0
1015116,0
1011414,0
1032688,0
1011934,0
1024629,0
1033891,0
1024842,0
1027018,0
1004702,0
1009408,0
1026577,0
1039347,0
1027392,0
1033583,0
1030357,0
1036590,0
1019761,0
1011949,0
1035693,0
1021378,0
1031346,0
1017477,0
1048032,0
1038679,0
1007051,0
1000452,0
1013922,0
1046564,0
1017521,0
1009082,0
1015316,0
1017718,0
1021027,0
1028958,0
1035453,0
1024280,0
1018505,0
1010128,0
1007386,0
1009167,0
1037585,0
1026043,0
1024570,0
1038043,0
1037576,0
1039779,0
1004522,0
1007364,0
1008846,0
1000603,0
1021829,0
1044059,0
1044404,0
1012497,0
1013466,0
1038891,0
1010547,0
1023850,0
1018544,0
1018208,0
1026767,0
1034103,0
1026183,0
1006844,0
1035884,0
1008717,0
1023969,0
1046972,0
1039065,0
1007767,0
1033865,0
1040701,0
1011770,0
1048315,0
1030629,0
1002486,0
1035595,0
1000629,0
1022972,0
1034681,0
1022023,0
1009765,0
1044865,0
1037277,0
1012272,0
1040995,0
1047338,0
1045052,0
1029847,0
1018987,0
1040155,0
1001734,0
1008795,0
1032664,0
1034740,0
1017204,0
1010766,0
1031660,0
1007238,0
1020555,0
1046278,0
1010915,0
1046598,0
1037912,0
1042520,0
1043332,0
1040643,0
1025913,0
1031268,0
1046418,0
1026392,0
1049286,0
1034359,0
1014506,0
1031580,0
1038801,0
1041903,0
1010056,0
1013643,0
1046980,0
1012709,0
1018512,0
1014724,0
1030802,0
1014306,0
1049297,0
1036358,0
1040977,0
1035734,0
1019782,0
1039519,0
1005038,0
1040728,0
1008449,0
1019069,0
1023717,0
1046007,0
1009223,0
1040241,0
1046923,0
1041166,0
1042733,0
1008065,0
1008164,0
1032019,0
1037629,0
1043927,0
1027670,0
1017353,0
1024141,0
1042069,0
1024398,0
1045922,0
1020400,0
1011500,0
1038606,0
1025972,0
1002263,0
1025557,0
1031479,0
1025480,0
1009819,0
1007123,0
1024198,0
1025725,0
1012988,0
1009487,0
1039865,0
1018599,0
1009489,0
1041868,0
1047948,0
1046133,0
1026260,0
1031970,0
1032976,0
1035576,0
1029414,0
1020223,0
1011891,0
1039155,0
1049708,0
1011497,0
1003658,0
1048635,0
1019684,0
1017666,0
1010777,0
1032325,0
1009834,0
1028976,0
1000023,0
1038750,0
1039210,0
1021115,0
1008255,0
1043035,0
1017174,0
1047924,0
1038586,0
1011805,0
1048311,0
1044609,0
1001320,0
1044992,0
1027123,0
1002344,0
1023161,0
1017527,0
1025805,0
1001488,0
1043664,0
1002051,0
1044756,0
1046992,0
1029657,0
1021900,0
1037278,0
1025134,0
1045543,0
1002896,0
1010600,0
1014618,0
1003535,0
1046540,0
1024939,0
1039793,0
1034152,0
1045428,0
1042718,0
1010816,0
1000763,0
1019619,0
1028129,0
1025519,0
1024757,0
1002790,0
1036698,0
1008144,0
1008085,0
1001394,0
1020391,0
1029372,0
1006486,0
1007830,0
1032904,0
1024111,0
1048195,0
1003144,0
1023438,0
1004329,0
1024473,0
1024970,0
1020904,0
1041784,0
1010047,0
1035244,0
1023875,0
1003764,0
1029025,0
1033300,0
1009135,0
1044352,0
1021747,0
1041665,0
1000368,0
1016906,0
1016805,0
1028933,0
1001776,0
1049973,0
1020329,0
1026702,0
1029160,0
1039908,0
1003632,0
1013239,0
1014009,0
1008187,0
1000645,0
1037395,0
1007003,0
1037190,0
1004658,0
1031972,0
1046675,0
1031897,0
1014909,0
1048261,0
1019310,0
1027904,0
1038726,0
1002951,0
1024828,0
1023482,0
1037593,0
1017584,0
1030733,0
1039785,0
1012324,0
1022787,0
1003462,0
1030142,0
1041632,0
1023457,0
1011260,0
1046672,0
1036347,0
1001120,0
1038629,0
1019702,0
1006084,0
1031837,0
1027440,0
1002291,0
1019211,0
1024802,0
1040466,0
1002567,0
1023822,0
1039090,0
1000687,0
1046046,0
1026806,0
1035794,0
1049758,0
1015405,0
1006713,0
1048134,0
1022539,0
1038388,0
1000241,0
1021910,0
1037581,0
1015492,0
1038485,0
1036104,0
1002815,0
1028367,0
1013467,0
1039922,0
1009987,0
1014226,0
1003710,0
1036372,0
1012012,0
1022842,0
1047163,0
1008640,0
1009835,0
1012571,0
1028889,0
1045707,0
1035386,0
1014936,0
1045463,0
1016814,0
1035379,0
1004310,0
1027213,0
1006288,0
1001075,0
1037535,0
1039778,0
1035776,0
1027737,0
1006349,0
1004994,0
1015493,0
1023217,0
1011970,0
1041387,0
1003307,0
1020497,0
1020418,0
1035816,0
1002908,0
1049271,0
1000235,0
1027315,0
1002958,0
1034549,0
1042173,0
1001367,0
1048838,0
1035740,0
1013044,0
1023046,0
1012481,0
1015150,0
1011069,0
1028495,0
1007025,0
1002942,0
1002551,0
1015879,0
1045099,0
1017965,0
1031750,0
1029705,0
1026938,0
1048185,0
1040230,0
1039826,0
1009192,0
1031387,0
1044820,0
1048284,0
1043644,0
1006020,0
1014626,0
1002667,0
1020510,0
1001241,0
1019105,0
1000682,0
1035786,0
1029873,0
1009162,0
1046463,0
1020249,0
1026875,0
1048935,0
1021439,0
1000744,0
1018249,0
1015635,0
1025003,0
1047194,0
1037722,0
1001623,0
1019298,0
1004404,0
1005109,0
1019077,0
1010191,0
1011766,0
1047521,0
1043876,0
1018965,0
1029881,0
1024650,0
1042522,0
1030513,0
1049815,0
1032611,0
1049575,0
1005571,0
1049839,0
1030348,0
1021548,0
1022606,0
1010809,0
1012461,0
1022747,0
1005520,0
1025618,0
1032046,0
1039850,0
1000160,0
1026468,0
1020420,0
1023405,0
1019740,0
1040117,0
1030062,0
1007306,0
1031024,0
1008518,0
1013733,0
1021983,0
1031711,0
1041602,0
1047490,0
1030439,0
1001346,0
1044410,0
1023428,0
1049246,0
1017690,0
1040764,0
1037250,0
1049711,0
1031392,0
1002403,0
1021322,0
1014596,0
1009469,0
1034036,0
1005984,0
1044720,0
1020565,0
1048177,0
1026972,0
1010632,0
1004650,0
1036738,0
1015213,0
1038459,0
1010073,0
1015508,0
1013480,0
1013193,0
1019598,0
1032470,0
1000355,0
1017879,0
1023925,0
1042655,0
1023181,0
1011529,0
1003358,0
1028136,0
1020534,0
1037647,0
1020809,0
1046592,0
1048476,0
1047773,0
1026119,0
1032850,0
1024751,0
1046934,0
1029190,0
1041125,0
1036822,0
1044451,0
1038756,0
1018751,0
1027136,0
1045625,0
1015768,0
1034633,0
1017595,0
1027334,0
1003630,0
1007073,0
1016183,0
1013179,0
1009435,0
1041970,0
1004317,0
1012281,0
1046872,0
1013312,0
1003855,0
1029444,0
1030607,0
1003943,0
1025172,0
1047691,0
1038275,0
1000692,0
1008348,0
1024959,0
1020043,0
1038627,0
1015399,0
1009954,0
1016547,0
1010059,0
1005266,0
1024996,0
1020830,0
1031284,0
1025877,0
1016830,0
1020436,0
1017380,0
1009815,0
1049981,0
1021723,0
1038219,0
1022696,0
1029800,0
1019810,0
1015131,0
1029953,0
1037295,0
1023288,0
1014450,0
1030169,0
1028921,0
1002906,0
1004464,0
1006851,0
1038341,0
1020366,0
1041892,0
1027934,0
1035935,0
1040864,0
1034258,0
1020747,0
1009251,0
1023974,0
1002628,0
1005158,0
1020412,0
1003013,0
1015004,0
1030360,0
1027061,0
1006441,0
1020239,0
1027923,0
1026685,0
1039194,0
1011539,0
1002092,0
1028541,0
1042437,0
1044538,0
1040351,0
1014358,0
1027505,0
1034392,0
1001382,0
1032362,0
1001039,0
1005346,0
1022345,0
1019476,0
1034355,0
1025170,0
1039683,0
1009460,0
1014079,0
1012956,0
1017071,0
1016491,0
1008866,0
1014903,0
1035867,0
1023329,0
1034296,0
1018939,0
1019233,0
1016434,0
1030053,0
1026263,0
1003668,0
1014770,0
1011532,0
1039434,0
1015969,0
1020509,0
1045842,0
1014217,0
1044523,0
1007891,0
1029319,0
1019454,0
1012869,0
1019664,0
1017296,0
1024654,0
1049404,0
1036821,0
1017426,0
1003038,0
1007250,0
1034513,0
1022656,0
1030201,0
1017321,0
1019574,0
1046655,0
1038701,0
1010798,0
1008201,0
1031909,0
1032039,0
1046386,0
1009399,0
1026804,0
1008052,0
1008319,0
1005956,0
1041468,0
1005015,0
1023465,0
1003252,0
1002437,0
1001243,0
1036329,0
1019969,0
1014885,0
1002454,0
1020898,0
1004302,0
1035490,0
1015885,0
1005138,0
1041301,0
1037468,0
1001278,0
1005761,0
1002485,0
1008339,0
1018826,0
1040868,0
1036500,0
1007674,0
1047204,0
1003674,0
1043075,0
1043608,0
1001739,0
1005757,0
1041326,0
1021168,0
1009494,0
1032337,0
1000558,0
1046865,0
1013781,0
1012624,0
1032001,0
1009631,0
1024104,0
1035496,0
1006862,0
1003364,0
1039020,0
1011256,0
1021056,0
1019487,0
1016996,0
1030549,0
1001487,0
1042063,0
1031579,0
1033816,0
1028500,0
1016201,0
1012343,0
1043269,0
1025509,0
1019678,0
1032981,0
1039193,0
1017886,0
1025607,0
1003194,0
1028273,0
1011378,0
1022690,0
1025042,0
1046909,0
1022968,0
1009824,0
1022206,0
1022382,0
1006024,0
1002046,0
1042194,0
1005289,0
1038697,0
1030553,0
1036069,0
1018824,0
1005084,0
1041241,0
1009028,0
1032677,0
1030574,0
1018060,0
1044047,0
1023163,0
1035620,0
1023168,0
1041730,0
1004556,0
1048817,0
1002011,0
1018721,0
1021627,0
1036185,0
1047136,0
1036032,0
1049878,0
1037150,0
1003433,0
1008273,0
1027347,0
1047246,0
1036647,0
1035598,0
1034510,0
1038004,0
1004664,0
1042180,0
1041865,0
1021504,0
1048365,0
1032855,0
1046760,0
1024327,0
1016843,0
1024219,0
1003834,0
1030174,0
1045001,0
1021435,0
1018227,0
1036563,0
1002831,0
1031981,0
1039811,0
1031460,0
1023762,0
1030209,0
1022591,0
1000971,0
1032219,0
1009997,0
1049227,0
1016107,0
1036216,0
1049605,0
1008316,0
1015903,0
1043337,0
1036866,0
1039695,0
1003821,0
1048787,0
1002008,0
1006539,0
1016911,0
1036406,0
1045253,0
1011218,0
1041680,0
1047538,0
1006593,0
1007348,0
1019501,0
1012549,0
1001893,0
1036148,0
1034853,0
1044044,0
1039821,0
1044122,0
1033479,0
1024071,0
1010042,0
1023968,0
1009950,0
1022445,0
1040223,0
1010000,0
1021336,0
1018200,0
1036687,0
1011046,0
1000332,0
1015527,0
1033941,0
1018941,0
1029282,0
1002554,0
1043683,0
1012074,0
1049948,0
1000548,0
1048634,0
1037789,0
1004493,0
1044886,0
1028629,0
1046481,0
1026667,0
1039809,0
1011079,0
1019578,0
1011483,0
1049883,0
1003123,0
1033580,0
1012879,0
1021282,0
1020766,0
1000009,0
1048265,0
1010807,0
1021052,0
1035183,0
1010261,0
1024248,0
1027384,0
1009864,0
1021002,0
1026459,0
1030414,0
1005803,0
1026257,0
1020702,0
1044920,0
1047106,0
1002037,0
1024763,0
1035172,0
1023445,0
1035180,0
1039036,0
1048255,0
1014609,0
1021865,0
1013693,0
1007103,0
1033995,0
1025954,0
1042620,0
1047927,0
1024380,0
1043575,0
1032062,0
1008331,0
1000559,0
1023570,0
1027028,0
1007772,0
1000915,0
1011866,0
1035741,0
1043537,0
1041212,0
1046700,0
1004179,0
1006149,0
1040089,0
1039899,0
1049820,0
1020019,0
1012419,0
1030628,0
1005599,0
1016918,0
1041957,0
1025993,0
1025077,0
1043179,0
1033929,0
1003627,0
1048936,0
1021775,0
1019505,0
1014397,0
1016853,0
1032514,0
1026525,0
1015662,0
1001618,0
1035202,0
1002420,0
1036502,0
1009781,0
1040563,0
1039762,0
1041472,0
1014415,0
1019773,0
1030374,0
1048758,0
1023746,0
1013586,0
1039920,0
1006141,0
1043062,0
1043041,0
1033113,0
1004684,0
1048870,0
1018057,0
1022361,0
1003808,0
1034710,0
1035915,0
1005963,0
1024047,0
1047259,0
1014649,0
1027953,0
1015313,0
1041773,0
1017137,0
1049157,0
1044623,0
1020371,0
1018583,0
1012392,0
1025850,0
1033640,0
1043727,0
1031473,0
1017232,0
1041176,0
1013589,0
1019965,0
1021763,0
1037606,0
1024197,0
1005209,0
1000974,0
1039706,0
1029996,0
1025105,0
1002207,0
1004890,0
1044818,0
1002165,0
1039823,0
1047339,0
1022727,0
1015669,0
1027997,0
1011097,0
1008325,0
1015309,0
1028812,0
1003104,0
1034761,0
1037339,0
1008130,0
1009894,0
1016170,0
1011410,0
1007270,0
1030688,0
1020527,0
1025009,0
1035621,0
1017323,0
1049580,0
1049230,0
1017389,0
1024659,0
1004016,0
1045252,0
1040931,0
1021707,0
1017505,0
1035721,0
1007746,0
1019682,0
1047600,0
1023371,0
1048025,0
1019472,0
1026697,0
1031910,0
1030795,0
1014846,0
1024496,0
1001037,0
1031228,0
1030536,0
1005240,0
1007859,0
1013003,0
1021372,0
1041314,0
1040173,0
1014357,0
1042531,0
1021298,0
1006960,0
1000509,0
1011918,0
1031899,0
1027410,0
1011514,0
1035831,0
1018418,0
1049748,0
1005515,0
1014907,0
1007542,0
1008148,0
1018921,0
1035512,0
1034228,0
1025408,0
1046631,0
1030424,0
1004450,0
1049739,0
1042010,0
1012799,0
1019646,0
1037965,0
1034313,0
1006232,0
1008988,0
1002632,0
1019018,0
1045852,0
1017038,0
1025096,0
1042247,0
1005699,0
1041807,0
1035165,0
1042122,0
1040523,0
1028720,0
1031316,0
1016353,0
1047764,0
1024408,0
1047069,0
1000091,0
1016870,0
1019016,0
1017163,0
1034073,0
1030366,0
1010091,0
1029936,0
1028901,0
1034601,0
1002561,0
1030859,0
1026384,0
1008663,0
1036295,0
1021798,0
1021631,0
1004426,0
1027928,0
1040929,0
1031860,0
1001174,0
1020466,0
1015174,0
1025389,0
1035795,0
1000076,0
1015506,0
1011040,0
1043663,0
1006099,0
1012744,0
1025661,0
1041687,0
1018234,0
1020882,0
1044082,0
1034013,0
1009069,0
1015854,0
1028364,0
1001513,0
1032172,0
1049493,0
1016421,0
1048659,0
1048521,0
1026652,0
1003176,0
1045951,0
1021102,0
1033557,0
1042840,0
1045774,0
1015522,0
1041084,0
1035150,0
1001885,0
1044267,0
1048925,0
1040415,0
1030032,0
1036346,0
1011247,0
1043204,0
1021205,0
1037546,0
1011413,0
1049699,0
1026986,0
1004628,0
1044387,0
1039484,0
1033527,0
1046732,0
1049732,0
1046064,0
1016761,0
1047898,0
1005303,0
1049264,0
1036438,0
1036379,0
1005009,0
1038693,0
1022935,0
1008564,0
1024767,0
1041830,0
1027272,0
1031156,0
1006602,0
1016475,0
1012118,0
1007712,0
1020130,0
1048049,0
1015160,0
1049414,0
1022592,0
1013521,0
1021832,0
1010660,0
1027974,0
1040452,0
1024587,0
1025020,0
1033448,0
1046993,0
1040498,0
1003551,0
1035248,0
1049827,0
1049013,0
1038123,0
1005619,0
1042085,0
1039222,0
1030595,0
1034204,0
1037757,0
1011550,0
1030761,0
1001560,0
1007563,0
1008758,0
1039340,0
1018566,0
1031360,0
1020479,0
1006760,0
1016026,0
1008820,0
1012938,0
1048527,0
1027654,0
1018592,0
1044556,0
1014463,0
1011322,0
1036747,0
1022859,0
1045067,0
1035674,0
1011605,0
1000641,0
1021411,0
1022660,0
1024267,0
1046047,0
1001610,0
1012677,0
1014311,0
1009941,0
1001062,0
1015693,0
1003051,0
1026160,0
1029946,0
1018788,0
1040515,0
1035552,0
1049113,0
1044864,0
1024488,0
1017464,0
1044965,0
1005082,0
1048257,0
1025910,0
1015646,0
1047220,0
1028437,0
1045515,0
1008968,0
1017026,0
1008060,0
1014802,0
1043084,0
1026125,0
1027155,0
1013344,0
1031414,0
1000711,0
1025316,0
1001168,0
1005796,0
1034906,0
1042335,0
1035856,0
1016224,0
1012844,0
1035536,0
1011115,0
1039622,0
1037663,0
1017581,0
1011635,0
1004549,0
1046330,0
1004926,0
1042632,0
1040596,0
1043199,0
1012578,0
1015091,0
1047897,0
1021639,0
1021698,0
1001087,0
1021919,0
1036579,0
1017367,0
1006558,0
1019307,0
1025620,0
1033739,0
1001246,0
1001028,0
1031435,0
1014200,0
1031991,0
1035071,0
1025129,0
1012788,0
1003699,0
1006495,0
1001543,0
1033339,0
1013791,0
1026585,0
1006132,0
1005113,0
1002993,0
1011061,0
1026374,0
1023791,0
1020525,0
1033713,0
1039947,0
1037373,0
1031343,0
1044194,0
1049195,0
1024150,0
1042470,0
1041150,0
1046357,0
1030497,0
1045921,0
1040332,0
1013226,0
1016006,0
1015355,0
1043645,0
1043508,0
1004208,0
1027429,0
1043767,0
1000017,0
1002543,0
1022226,0
1030258,0
1012754,0
1032075,0
1010956,0
1046238,0
1031015,0
1043471,0
1049947,0
1017369,0
1049398,0
1048748,0
1029230,0
1013363,0
1028262,0
1021638,0
1038737,0
1043573,0
1026205,0
1047034,0
1004430,0
1023315,0
1040343,0
1017819,0
1029037,0
1023387,0
1009025,0
1034084,0
1027985,0
1001728,0
1028118,0
1009807,0
1037041,0
1041061,0
1045673,0
1024167,0
1040491,0
1049510,0
1024607,0
1024889,0
1014294,0
1010176,0
1045142,0
1049379,0
1032193,0
1044622,0
1032152,0
1003733,0
1028456,0
1015374,0
1004133,0
1012491,0
1026601,0
1022871,0
1003338,0
1035281,0
1031325,0
1044573,0
1041186,0
1007706,0
1006899,0
1002523,0
1034402,0
1026147,0
1004411,0
1010533,0
1009395,0
1032527,0
1013891,0
1010377,0
1036683,0
1011263,0
1010135,0
1019475,0
1025764,0
1008005,0
1047583,0
1028552,0
1020971,0
1015892,0
1048819,0
1047289,0
1019917,0
1026168,0
1005551,0
1037713,0
1002565,0
1000307,0
1046868,0
1000788,0
1035639,0
1040473,0
1047866,0
1031090,0
1038817,0
1032387,0
1038083,0
1013380,0
1043510,0
1024852,0
1011713,0
1008675,0
1012607,0
1008702,0
1027830,0
1024653,0
1040810,0
1043142,0
1004652,0
1011334,0
1029782,0
1027181,0
1016060,0
1027624,0
1006497,0
1003145,0
1020669,0
1033011,0
1003762,0
1036144,0
1029537,0
1035802,0
1042588,0
1008241,0
1028806,0
1022908,0
1017524,0
1022695,0
1029980,0
1003394,0
1014234,0
1038134,0
1006494,0
1003663,0
1015625,0
1040719,0
1031980,0
1022888,0
1006077,0
1036228,0
1032507,0
1043938,0
1014149,0
1011240,0
1044823,0
1027078,0
1022825,0
1017868,0
1005267,0
1013270,0
1013314,0
1012812,0
1027946,0
1017035,0
1043858,0
1030367,0
1030177,0
1012130,0
1021195,0
1042034,0
1038746,0
1035781,0
1044436,0
1015936,0
1042208,0
1018662,0
1036615,0
1039412,0
1047366,0
1042958,0
1014619,0
1031667,0
1026510,0
1034694,0
1001876,0
1029467,0
1015726,0
1042485,0
1040688,0
1042364,0
1042203,0
1004725,0
1049424,0
1013048,0
1000187,0
1042259,0
1039201,0
1007965,0
1018935,0
1035565,0
1036058,0
1004178,0
1005322,0
1034892,0
1026416,0
1026484,0
1028987,0
1016374,0
1048310,0
1004717,0
1009515,0
1049859,0
1029139,0
1022515,0
1048330,0
1023310,0
1041545,0
1002791,0
1028760,0
1009566,0
1039936,0
1049352,0
1013353,0
1015665,0
1002668,0
1026963,0
1003135,0
1029143,0
1023681,0
1015688,0
1022024,0
1027797,0
1011338,0
1010158,0
1042216,0
1019568,0
1008918,0
1013803,0
1040437,0
1038041,0
1043032,0
1022597,0
1023983,0
1020649,0
1036018,0
1021351,0
1017141,0
1034603,0
1048144,0
1003095,0
1013955,0
1045215,0
1003620,0
1011463,0
1015670,0
1044776,0
1004230,0
1014188,0
1024965,0
1007010,0
1022405,0
1007744,0
1029842,0
1030113,0
1046451,0
1003567,0
1023007,0
1020506,0
1029475,0
1025922,0
1049542,0
1040601,0
1014183,0
1041500,0
1028815,0
1048192,0
1008492,0
1048901,0
1027977,0
1000957,0
1026755,0
1046384,0
1049086,0
1048092,0
1046614,0
1035671,0
1046769,0
1015359,0
1024944,0
1048683,0
1044650,0
1043777,0
1012743,0
1019822,0
1012932,0
1023855,0
1006300,0
1003193,0
1020804,0
1028058,0
1035273,0
1004305,0
1006612,0
1020508,0
1040072,0
1004247,0
1000328,0
1025633,0
1016036,0
1027218,0
1017036,0
1024238,0
1034753,0
1002272,0
1004553,0
1044643,0
1049661,0
1043528,0
1017146,0
1036037,0
1039229,0
1045280,0
1025983,0
1008337,0
1026364,0
1039272,0
1007147,0
1044851,0
1044789,0
1032876,0
1012865,0
1027434,0
1037841,0
1037562,0
1048720,0
1032715,0
1007681,0
1002024,0
1036850,0
1010005,0
1012429,0
1035396,0
1036442,0
1020259,0
1033706,0
1024069,0
1020365,0
1010147,0
1034727,0
1041278,0
1016397,0
1013328,0
1042957,0
1005155,0
1023936,0
1047083,0
1009805,0
1041118,0
1010338,0
1039589,0
1008387,0
1018563,0
1008243,0
1010210,0
1038217,0
1013548,0
1049898,0
1035672,0
1003684,0
1026819,0
1010989,0
1032073,0
1003519,0
1007188,0
1032190,0
1026316,0
1047575,0
1022951,0
1048419,0
1010219,0
1042305,0
1015961,0
1045429,0
1014726,0
1012391,0
1037281,0
1041854,0
1034756,0
1011671,0
1045051,0
1018422,0
1024359,0
1011910,0
1016160,0
1021452,0
1028247,0
1038221,0
1040951,0
1023938,0
1033540,0
1025394,0
1038827,0
1017649,0
1017941,0
1019639,0
1021532,0
1004461,0
1020614,0
1040065,0
1039178,0
1034494,0
1012957,0
1030140,0
1029094,0
1012732,0
1012004,0
1022715,0
1016681,0
1012347,0
1029388,0
1040620,0
1035687,0
1040467,0
1025680,0
1024281,0
1027105,0
1038881,0
1024452,0
1017840,0
1014664,0
1022240,0
1029789,0
1027444,0
1003605,0
1019147,0
1045892,0
1043339,0
1013131,0
1014204,0
1004590,0
1018352,0
1014076,0
1014095,0
1042706,0
1030877,0
1010344,0
1046927,0
1036388,0
1036550,0
1036790,0
1022332,0
1034396,0
1031884,0
1048018,0
1022889,0
1048669,0
1031177,0
1013140,0
1047488,0
1045206,0
1021199,0
1016203,0
1008929,0
1043718,0
1043108,0
1036171,0
1003402,0
1014780,0
1002821,0
1028026,0
1000207,0
1006311,0
1012885,0
1009368,0
1004989,0
1020760,0
1049759,0
1000290,0
1020965,0
1041587,0
1011572,0
1014162,0
1032447,0
1037926,0
1007417,0
1016172,0
1044627,0
1001576,0
1003467,0
1036422,0
1005117,0
1006368,0
1043942,0
1011837,0
1049158,0
1016538,0
1024672,0
1010440,0
1027080,0
1032950,1
1012943,1
1040659,1
1038841,1
1037603,1
1012889,1
1013029,1
1048424,1
1046080,1
1037753,1
1006188,1
1017946,1
1014928,1
1048970,1
1034705,1
1021492,1
1000846,1
1047234,1
1005060,1
1003084,1
1003113,1
1023372,1
1023848,1
1002332,1
1021132,1
1019797,1
1014199,1
1022149,1
1025623,1
1044474,1
1019210,1
1011272,1
1000264,1
1033674,1
1044453,1
1018528,1
1044182,1
1049487,1
1025614,1
1025097,1
1048440,1
1000516,1
1046754,1
1006817,1
1047820,1
1001757,1
1026329,1
1033679,1
1022131,1
1044895,1
1032240,1
1022603,1
1027302,1
1036568,1
1042837,1
1045083,1
1022471,1
1035258,1
1015088,1
1026379,1
1020060,1
1034365,1
1017253,1
1009518,1
1048417,1
1038598,1
1018815,1
1047080,1
1021600,1
1033139,1
1027098,1
1024413,1
1044874,1
1024272,1
1035580,1
1032658,1
1035850,1
1019257,1
1000476,1
1013979,1
1016161,1
1024865,1
1041962,1
1005499,1
1004431,1
1012315,1
1028574,1
1005487,1
1022135,1
1029317,1
1009900,1
1039522,1
1028723,1
1023107,1
1033324,1
1038229,1
1045862,1
1035904,1
1041532,1
1002335,1
1002146,1
1034950,1
1018615,1
1024178,1
1036599,1
1021988,1
1013832,1
1014997,1
1035073,1
1011684,1
1019705,1
1010797,1
1011802,1
1049600,1
1004400,1
1016109,1
1031034,1
1035217,1
1030468,1
1046757,1
1004598,1
1008287,1
1047383,1
1048005,1
1045633,1
1047141,1
1045146,1
1006907,1
1021680,1
1003021,1
1034773,1
1030545,1
1043048,1
1006937,1
1042451,1
1031259,1
1041199,1
1004649,1
1023137,1
1022238,1
1025011,1
1040423,1
1016168,1
1010546,1
1019152,1
1009277,1
1015632,1
1001984,1
1016736,1
1002814,1
1031928,1
1015790,1
1036909,1
1029504,1
1044280,1
1011122,1
1040679,1
1014223,1
1031589,1
1003992,1
1026307,1
1039093,1
1027106,1
1005171,1
1038171,1
1034107,1
1006244,1
1007582,1
1012195,1
1020784,1
1010127,1
1001290,1
1003274,1
1039094,1
1003470,1
1035962,1
1040675,1
1031472,1
1008928,1
1036800,1
1012151,1
1040799,1
1049257,1
1031480,1
1033374,1
1046749,1
1040849,1
1043353,1
1033684,1
1010909,1
1043811,1
1020435,1
1019453,1
1031875,1
1044952,1
1032598,1
1041392,1
1011599,1
1034555,1
1029320,1
1036159,1
1017484,1
1022220,1
1029161,1
1019567,1
1046759,1
1030967,1
1019408,1
1007961,1
1024701,1
1010579,1
1035423,1
1004765,1
1034390,1
1019518,1
1026078,1
1044071,1
1027264,1
1027412,1
1022926,1
1014388,1
1042807,1
1011941,1
1002600,1
1032921,1
1042604,1
1045179,1
1012120,1
1024784,1
1012897,1
1024812,1
1030400,1
1024658,1
1023043,1
1042551,1
1040250,1
1045976,1
1038024,1
1002768,1
1001237,1
1022709,1
1040560,1
1043954,1
1008892,1
1003413,1
1026244,1
1023279,1
1001856,1
1011521,1
1027912,1
1049753,1
1020537,1
1042657,1
1047707,1
1028319,1
1026215,1
1043156,1
1034946,1
1005348,1
1041164,1
1021413,1
1008870,1
1006810,1
1008465,1
1017185,1
1009921,1
1033114,1
1007221,1
1023885,1
1005061,1
1001955,1
1017142,1
1035432,1
1002176,1
1016191,1
1022812,1
1005286,1
1022725,1
1027198,1
1040317,1
1017105,1
1014949,1
1038855,1
1041886,1
1044362,1
1034519,1
1042508,1
1007842,1
1047741,1
1037489,1
1030887,1
1046139,1
1046847,1
1022287,1
1030355,1
1049340,1
1028236,1
1015981,1
1010964,1
1046973,1
1028368,1
1030637,1
1020267,1
1001607,1
1046213,1
1020668,1
1014433,1
1042238,1
1037218,1
1039403,1
1026271,1
1035864,1
1022683,1
1018118,1
1047545,1
1047768,1
1007023,1
1012111,1
1011849,1
1018806,1
1043345,1
1010118,1
1002495,1
1005420,1
1030933,1
1037350,1
1031686,1
1037972,1
1019731,1
1029194,1
1038553,1
1022047,1
1023637,1
1015392,1
1038040,1
1004216,1
1021250,1
1038865,1
1009391,1
1015728,1
1013292,1
1013844,1
1049998,1
1026115,1
1022243,1
1006004,1
1045972,1
1038220,1
1004148,1
1027730,1
1021584,1
1003581,1
1007837,1
1018848,1
1032456,1
1030212,1
1034453,1
1039562,1
1007307,1
1004502,1
1044115,1
1005558,1
1043022,1
1004966,1
1024245,1
1017388,1
1041048,1
1020681,1
1002082,1
1048105,1
1000022,1
1010692,1
1014634,1
1004228,1
1004232,1
1019900,1
1036501,1
1041554,1
1005022,1
1007022,1
1034798,1
1015744,1
1024310,1
1047469,1
1020637,1
1018078,1
1007807,1
1013638,1
1017018,1
1040683,1
1049316,1
1013043,1
1039384,1
1048227,1
1008618,1
1027741,1
1048089,1
1007240,1
1034074,1
1003765,1
1027964,1
1004655,1
1020467,1
1038714,1
1024801,1
1030148,1
1008973,1
1003359,1
1018762,1
1045956,1
1024053,1
1047659,1
1024199,1
1022726,1
1037286,1
1037776,1
1020960,1
1021844,1
1010401,1
1001900,1
1007860,1
1030392,1
1042187,1
1037504,1
1010902,1
1006779,1
1041221,1
1009336,1
1020976,1
1003655,1
1008531,1
1036023,1
1047603,1
1036762,1
1027940,1
1019001,1
1007282,1
1008849,1
1006464,1
1040311,1
1024826,1
1020081,1
1049317,1
1028795,1
1049843,1
1022465,1
1029361,1
1044626,1
1038738,1
1009709,1
1001464,1
1040684,1
1041748,1
1008521,1
1039150,1
1011292,1
1034647,1
1004161,1
1036512,1
1028304,1
1030750,1
1040640,1
1024968,1
1044873,1
1016551,1
1039184,1
1000006,1
1037207,1
1014950,1
1045962,1
1024507,1
1041037,1
1031366,1
1041116,1
1042128,1
1044798,1
1049750,1
1000993,1
1032606,1
1015351,1
1039590,1
1012887,1
1029272,1
1037246,1
1024981,1
1030709,1
1025461,1
1031718,1
1005826,1
1024990,1
1035146,1
1022496,1
1010378,1
1014988,1
1034244,1
1018690,1
1020875,1
1015123,1
1009754,1
1033605,1
1042814,1
1024798,1
1015414,1
1019214,1
1004467,1
1033988,1
1030884,1
1019203,1
1042460,1
1047499,1
1011241,1
1006583,1
1016563,1
1025594,1
1009871,1
1047480,1
1024351,1
1008381,1
1013018,1
1018433,1
1012092,1
1039187,1
1030617,1
1044069,1
1015121,1
1042502,1
1009940,1
1045878,1
1002084,1
1024636,1
1021455,1
1001691,1
1018441,1
1027416,1
1027638,1
1014524,1
1006784,1
1007317,1
1015838,1
1025552,1
1004834,1
1036195,1
1022121,1
1028198,1
1019075,1
1017372,1
1045046,1
1024792,1
1043749,1
1033354,1
1011495,1
1001077,1
1040819,1
1035857,1
1000333,1
1029265,1
1012046,1
1014156,1
1034704,1
1007467,1
1048053,1
1043712,1
1031165,1
1030396,1
1024161,1
1039523,1
1028375,1
1041843,1
1008911,1
1013384,1
1032302,1
1020235,1
1014163,1
1024936,1
1028943,1
1031439,1
1010612,1
1004805,1
1032753,1
1026748,1
1023982,1
1039730,1
1006245,1
1018334,1
1049080,1
1004244,1
1037342,1
1035229,1
1015732,1
1045125,1
1013325,1
1034811,1
1017610,1
1002070,1
1025203,1
1027488,1
1043210,1
1023204,1
1008069,1
1032747,1
1049561,1
1036110,1
1033141,1
1015887,1
1047582,1
1043545,1
1023513,1
1033686,1
1035528,1
1023228,1
1022254,1
1033804,1
1013564,1
1022344,1
1049752,1
1015408,1
1046355,1
1012616,1
1007993,1
1020866,1
1024814,1
1024619,1
1027249,1
1039658,1
1017148,1
1000426,1
1023258,1
1000097,1
1003939,1
1033189,1
1031489,1
1037731,1
1044682,1
1031111,1
1018212,1
1033702,1
1021718,1
1034456,1
1000816,1
1043588,1
1035673,1
1039067,1
1007533,1
1024384,1
1015715,1
1026704,1
1026680,1
1021951,1
1023602,1
1043956,1
1047865,1
1045766,1
1041902,1
1007422,1
1003471,1
1019909,1
1000916,1
1033495,1
1002141,1
1014843,1
1000438,1
1024736,1
1005556,1
1028954,1
1034737,1
1043284,1
1009045,1
1015474,1
1008215,1
1011776,1
1033345,1
1022418,1
1005601,1
1018435,1
1047097,1
1020301,1
1014135,1
1004268,1
1018633,1
1042866,1
1025088,1
1008363,1
1014485,1
1030420,1
1012477,1
1048137,1
1007454,1
1021686,1
1045400,1
1034128,1
1025585,1
1031297,1
1000029,1
1035265,1
1027456,1
1026496,1
1003543,1
1038808,1
1030726,1
1023593,1
1044244,1
1047092,1
1012341,1
1008237,1
1017176,1
1037257,1
1046311,1
1030955,1
1012659,1
1012428,1
1036525,1
1012870,1
1043054,1
1022705,1
1035630,1
1014174,1
1038689,1
1039365,1
1022104,1
1027210,1
1006544,1
1010663,1
1048686,1
1031766,1
1033573,1
1037337,1
1014982,1
1007693,1
1000622,1
1027087,1
1018543,1
1048325,1
1020585,1
1017189,1
1025492,1
1019158,1
1042398,1
1046692,1
1036652,1
1048351,1
1003909,1
1011657,1
1036257,1
1007006,1
1035260,1
1012460,1
1005251,1
1023190,1
1034733,1
1015379,1
1004757,1
1001130,1
1039400,1
1024279,1
1019865,1
1000432,1
1041515,1
1036499,1
1006396,1
1009541,1
1000170,1
1003689,1
1012140,1
1033559,1
1006169,1
1032090,1
1032185,1
1030205,1
1043265,1
1032261,1
1012444,1
1023171,1
1039659,1
1023210,1
1023094,1
1021699,1
1013664,1
1028148,1
1029333,1
1026728,1
1009468,1
1036735,1
1026780,1
1049511,1
1003817,1
1045568,1
1006208,1
1024878,1
1045381,1
1019829,1
1007047,1
1049671,1
1027991,1
1009501,1
1014431,1
1025778,1
1003852,1
1040082,1
1039870,1
1049442,1
1002021,1
1036714,1
1006150,1
1031863,1
1003216,1
1028778,1
1042794,1
1030073,1
1011652,1
1000174,1
1036483,1
1000113,1
1002832,1
1044839,1
1021676,1
1037813,1
1012634,1
1039374,1
1022737,1
1048229,1
1002133,1
1006256,1
1001827,1
1042087,1
1023945,1
1044581,1
1009665,1
1034331,1
1043477,1
1046377,1
1023269,1
1014700,1
1045396,1
1019056,1
1011939,1
1038912,1
1002309,1
1030498,1
1011375,1
1008607,1
1011341,1
1003232,1
1011956,1
1047168,1
1045513,1
1032480,1
1034680,1
1043433,1
1011756,1
1025287,1
1027222,1
1024897,1
1002862,1
1011743,1
1004545,1
1006638,1
1037289,1
1029262,1
1022201,1
1017772,1
1011632,1
1024437,1
1020288,1
1002434,1
1024309,1
1024569,1
1006843,1
1024306,1
1048512,1
1021643,1
1041696,1
1006383,1
1027744,1
1031487,1
1004246,1
1041355,1
1007313,1
1015620,1
1045402,1
1021664,1
1019096,1
1011365,1
1032096,1
1026905,1
1026187,1
1009506,1
1003368,1
1015548,1
1008859,1
1007739,1
1010537,1
1030328,1
1011266,1
1029856,1
1030690,1
1000999,1
1015062,1
1046932,1
1026407,1
1047967,1
1023661,1
1018818,1
1005146,1
1043082,1
1002080,1
1041308,1
1035643,1
1049168,1
1038904,1
1028836,1
1019099,1
1015431,1
1026550,1
1018112,1
1022978,1
1044072,1
1006034,1
1044801,1
1032954,1
1044385,1
1020581,1
1021977,1
1027092,1
1016637,1
1021128,1
1049944,1
1045104,1
1002507,1
1037551,1
1022508,1
1042042,1
1041697,1
1046771,1
1012023,1
1026451,1
1042166,1
1044704,1
1035954,1
1007304,1
1033930,1
1011563,1
1002678,1
1006562,1
1038582,1
1049396,1
1012840,1
1035890,1
1045468,1
1026552,1
1028688,1
1042582,1
1016539,1
1039293,1
1022800,1
1013662,1
1021000,1
1036511,1
1000196,1
1031277,1
1019067,1
1029180,1
1031115,1
1007398,1
1036703,1
1040771,1
1036497,1
1041551,1
1031839,1
1006923,1
1035907,1
1049075,1
1012542,1
1020373,1
1039611,1
1010289,1
1025180,1
1015831,1
1027358,1
1025963,1
1029248,1
1034072,1
1039633,1
1018859,1
1015870,1
1011709,1
1043680,1
1024997,1
1041357,1
1029332,1
1041013,1
1031183,1
1017275,1
1002194,1
1044582,1
1004137,1
1024073,1
1016888,1
1005020,1
1044487,1
1036076,1
1016175,1
1015341,1
1023682,1
1000470,1
1006534,1
1039848,1
1016261,1
1024292,1
1028195,1
1041885,1
1038157,1
1021888,1
1040814,1
1039204,1
1023348,1
1011187,1
1046140,1
1027229,1
1008393,1
1025113,1
1009154,1
1049720,1
1002780,1
1045526,1
1044075,1
1043621,1
1048251,1
1025603,1
1014476,1
1012882,1
1028722,1
1021629,1
1003833,1
1032699,1
1033975,1
1048729,1
1047910,1
1006023,1
1039640,1
1024212,1
1035314,1
1006914,1
1001524,1
1034989,1
1039142,1
1033231,1
1001727,1
1013899,1
1024409,1
1003574,1
1032208,1
1022179,1
1030502,1
1018411,1
1012027,1
1012914,1
1049908,1
1014420,1
1032125,1
1003564,1
1034871,1
1031051,1
1035926,1
1040992,1
1017944,1
1028724,1
1048891,1
1044713,1
1003637,1
1023131,1
1021142,1
1028347,1
1030487,1
1017384,1
1001756,1
1005170,1
1033861,1
1034193,1
1039059,1
1036791,1
1040461,1
1021036,1
1030634,1
1024186,1
1036586,1
1004455,1
1004969,1
1008307,1
1001535,1
1019234,1
1019528,1
1027773,1
1021065,1
1026267,1
1009377,1
1017523,1
1023764,1
1020758,1
1022774,1
1034800,1
1012099,1
1021044,1
1035948,1
1007125,1
1029921,1
1011101,1
1019409,1
1020806,1
1020634,1
1018319,1
1018058,1
1034376,1
1042617,1
1031194,1
1048342,1
1020694,1
1040371,1
1009625,1
1037171,1
1028887,1
1042375,1
1020476,1
1005293,1
1020797,1
1001582,1
1012085,1
1036674,1
1041963,1
1041631,1
1021575,1
1049270,1
1034240,1
1023250,1
1040938,1
1037586,1
1037589,1
1001971,1
1014129,1
1047586,1
1015567,1
1040004,1
1014145,1
1018585,1
1014616,1
1004297,1
1029290,1
1000875,1
1049444,1
1020785,1
1029257,1
1013398,1
1032599,1
1037971,1
1044117,1
1033783,1
1025019,1
1030825,1
1016395,1
1030365,1
1040005,1
1019100,1
1026485,1
1026020,1
1033103,1
1041344,1
1047258,1
1001994,1
1039331,1
1004640,1
1009495,1
1036740,1
1036242,1
1041141,1
1035296,1
1034308,1
1001779,1
1043970,1
1024417,1
1002813,1
1008862,1
1003290,1
1046333,1
1032615,1
1045219,1
1037810,1
1041878,1
1022803,1
1044764,1
1036046,1
1021284,1
1006125,1
1000920,1
1009743,1
1040197,1
1001564,1
1036363,1
1022577,1
1019786,1
1022460,1
1037695,1
1015072,1
1043158,1
1011799,1
1024514,1
1029003,1
1044951,1
1006830,1
1004789,1
1022850,1
1004661,1
1000015,1
1015177,1
1005998,1
1029934,1
1026814,1
1042254,1
1019035,1
1008980,1
1021347,1
1043505,1
1021708,1
1042284,1
1020567,1
1023135,1
1036327,1
1014382,1
1040780,1
1012728,1
1002555,1
1032773,1
1031804,1
1014468,1
1012283,1
1036432,1
1032015,1
1047063,1
1004625,1
1032145,1
1040299,1
1006210,1
1013069,1
1016029,1
1044263,1
1001924,1
1046488,1
1039592,1
1043369,1
1030371,1
1030739,1
1028187,1
1022432,1
1007338,1
1048414,1
1030241,1
1004784,1
1049167,1
1025956,1
1001921,1
1043346,1
1015411,1
1031671,1
1040733,1
1002020,1
1012329,1
1046256,1
1002992,1
1013988,1
1027280,1
1046651,1
1026781,1
1036911,1
1018761,1
1006756,1
1036211,1
1035317,1
1005439,1
1049247,1
1019139,1
1010150,1
1012590,1
1028859,1
1012248,1
1017802,1
1040046,1
1031393,1
1034262,1
1005563,1
1023447,1
1043356,1
1041332,1
1048791,1
1043587,1
1016955,1
1045810,1
1023547,1
1019098,1
1034787,1
1005665,1
1030911,1
1027215,1
1040164,1
1036872,1
1007119,1
1026218,1
1008220,1
1043540,1
1002438,1
1022275,1
1017419,1
1034322,1
1022301,1
1015745,1
1009390,1
1042553,1
1046995,1
1025511,1
1011169,1
1026458,1
1017811,1
1024419,1
1030821,1
1033992,1
1014477,1
1037951,1
1031181,1
1018933,1
1042213,1
1014710,1
1015099,1
1000292,1
1039258,1
1019390,1
1049875,1
1032531,1
1027772,1
1033688,1
1021331,1
1049790,1
1031905,1
1047993,1
1014657,1
1008738,1
1008019,1
1023470,1
1010492,1
1019830,1
1037704,1
1041494,1
1013697,1
1027674,1
1025039,1
1014242,1
1013500,1
1041558,1
1016459,1
1047466,1
1042041,1
1004733,1
1002076,1
1040535,1
1027282,1
1017853,1
1045126,1
1025834,1
1008867,1
1048245,1
1042525,1
1043351,1
1011883,1
1035718,1
1020200,1
1011259,1
1011489,1
1025943,1
1015418,1
1001559,1
1014426,1
1026469,1
1046276,1
1015916,1
1005618,1
1042724,1
1030300,1
1044999,1
1002491,1
1022364,1
1001261,1
1034533,1
1021506,1
1029001,1
1005772,1
1046940,1
1019027,1
1028061,1
1002428,1
1037703,1
1019600,1
1018695,1
1049175,1
1043410,1
1031845,1
1000048,1
1035345,1
1042576,1
1024642,1
1006435,1
1036588,1
1033579,1
1023516,1
1017236,1
1015039,1
1024293,1
1033894,1
1043348,1
1042962,1
1031168,1
1028423,1
1002162,1
1005100,1
1046576,1
1007583,1
1044739,1
1019064,1
1038187,1
1000128,1
1019706,1
1036464,1
1034507,1
1009466,1
1013827,1
1012297,1
1011197,1
1049569,1
1048572,1
1042436,1
1034093,1
1042801,1
1025846,1
1002837,1
1046069,1
1027133,1
1021037,1
1034280,1
1023990,1
1043464,1
1046164,1
1007486,1
1014455,1
1008779,1
1038793,1
1041820,1
1003078,1
1017393,1
1033390,1
1014636,1
1017344,1
1005799,1
1007549,1
1033744,1
1024943,1
1044449,1
1002104,1
1010360,1
1036985,1
1002440,1
1010744,1
1000186,1
1010034,1
1045597,1
1016919,1
1005779,1
1030399,1
1030943,1
1036034,1
1008833,1
1023660,1
1023337,1
1043490,1
1025791,1
1030033,1
1040458,1
1023553,1
1028480,1
1035195,1
1002370,1
1042745,1
1022939,1
1007388,1
1014299,1
1049635,1
1040607,1
1000501,1
1013159,1
1044448,1
1008170,1
1003956,1
1017059,1
1003769,1
1031501,1
1009992,1
1018556,1
1026432,1
1016656,1
1014381,1
1046735,1
1024728,1
1025508,1
1022511,1
1011916,1
1021509,1
1041128,1
1002978,1
1035143,1
1048809,1
1036149,1
1015661,1
1027115,1
1047960,1
1002273,1
1018567,1
1028224,1
1003496,1
1031185,1
1006789,1
1010550,1
1045571,1
1019103,1
1005941,1
1031556,1
1033928,1
1033701,1
1045580,1
1013684,1
1017078,1
1004238,1
1015433,1
1019107,1
1036137,1
1028430,1
1027507,1
1009977,1
1024375,1
1030937,1
1009849,1
1035897,1
1023459,1
1014049,1
1015261,1
1010166,1
1038122,1
1037261,1
1026870,1
1019041,1
1046586,1
1029014,1
1037610,1
1023272,1
1028309,1
1046195,1
1006419,1
1041755,1
1031306,1
1022986,1
1043055,1
1002927,1
1036253,1
1028931,1
1021660,1
1015407,1
1011987,1
1013631,1
1035805,1
1004167,1
1020005,1
1013176,1
1012193,1
1011055,1
1028935,1
1025644,1
1006853,1
1032416,1
1029286,1
1007169,1
1012387,1
1012619,1
1018636,1
1045678,1
1033137,1
1031116,1
1001313,1
1008558,1
1036657,1
1002614,1
1019672,1
1036030,1
1034180,1
1001280,1
1037899,1
1026784,1
1004257,1
1035916,1
1012508,1
1043226,1
1046242,1
1002954,1
1028083,1
1020448,1
1014410,1
1002807,1
1049470,1
1015437,1
1015370,1
1047590,1
1001175,1
1045840,1
1018388,1
1014889,1
1004797,1
1022710,1
1005063,1
1024171,1
1045873,1
1028121,1
1034358,1
1014625,1
1002674,1
1037697,1
1045310,1
1021970,1
1022786,1
1049252,1
1041672,1
1027066,1
1002160,1
1022514,1
1000094,1
1032436,1
1008987,1
1013417,1
1045874,1
1025259,1
1027871,1
1010776,1
1031018,1
1038583,1
1017412,1
1009290,1
1018194,1
1048080,1
1049595,1
1042667,1
1025950,1
1015181,1
1014967,1
1018028,1
1025110,1
1024991,1
1003034,1
1005218,1
1020250,1
1042438,1
1048865,1
1026419,1
1040010,1
1032169,1
1016415,1
1033191,1
1002306,1
1024376,1
1043708,1
1040776,1
1043742,1
1040667,1
1034242,1
1027731,1
1035990,1
1031529,1
1020135,1
1024019,1
1045902,1
1040791,1
1034913,1
1021463,1
1028196,1
1045089,1
1019387,1
1037209,1
1008925,1
1015755,1
1023543,1
1048211,1
1009910,1
1002566,1
1008636,1
1008660,1
1046620,1
1041064,1
1007797,1
1042826,1
1009831,1
1017466,1
1006041,1
1001537,1
1048576,1
1024964,1
1042347,1
1019251,1
1047180,1
1001459,1
1038818,1
1017491,1
1039344,1
1044628,1
1042766,1
1007187,1
1009449,1
1016390,1
1023992,1
1037317,1
1029978,1
1048515,1
1008584,1
1029525,1
1013284,1
1030662,1
1002118,1
1045194,1
1035732,1
1010460,1
1029608,1
1034467,1
1042612,1
1008489,1
1046707,1
1030814,1
1049911,1
1014773,1
1004354,1
1042742,1
1038306,1
1039329,1
1045829,1
1019279,1
1036668,1
1014853,1
1026570,1
1033524,1
1047717,1
1027633,1
1044758,1
1007540,1
1024967,1
1010726,1
1036955,1
1045964,1
1011486,1
1032536,1
1013759,1
1013608,1
1025820,1
1044981,1
1007574,1
1041256,1
1033760,1
1019398,1
1018803,1
1010131,1
1025058,1
1016510,1
1038578,1
1012675,1
1024730,1
1007623,1
1002277,1
1034916,1
1043004,1
1017145,1
1033851,1
1027235,1
1029489,1
1003423,1
1008194,1
1017410,1
1004259,1
1042491,1
1000902,1
1041671,1
1049892,1
1048946,1
1031413,1
1038971,1
1039634,1
1019790,1
1021579,1
1025848,1
1017097,1
1021704,1
1040391,1
1034620,1
1020063,1
1044297,1
1010013,1
1005718,1
1029801,1
1019359,1
1004279,1
1047986,1
1032397,1
1025093,1
1028655,1
1036495,1
1018030,1
1020854,1
1003160,1
1024934,1
1048204,1
1030153,1
1037947,1
1008756,1
1038396,1
1003347,1
1002265,1
1035321,1
1014019,1
1026663,1
1042207,1
1042379,1
1012242,1
1039274,1
1014093,1
1017066,1
1045006,1
1014313,1
1036817,1
1039146,1
1023638,1
1031975,1
1013594,1
1005655,1
1017479,1
1004571,1
1015640,1
1020512,1
1022412,1
1046437,1
1008540,1
1045807,1
1041911,1
1049393,1
1038267,1
1042315,1
1037944,1
1022743,1
1045762,1
1042912,1
1026019,1
1015960,1
1025181,1
1000567,1
1029976,1
1000354,1
1008949,1
1005429,1
1032912,1
1022763,1
1039707,1
1017614,1
1001686,1
1021156,1
1038285,1
1044601,1
1044938,1
1014665,1
1035446,1
1020486,1
1046136,1
1047203,1
1018970,1
1017371,1
1000099,1
1027462,1
1004361,1
1028285,1
1030673,1
1023724,1
1042569,1
1014053,1
1035513,1
1025613,1
1021802,1
1029893,1
1039964,1
1027531,1
1021448,1
1032727,1
1044023,1
1026533,1
1024902,1
1022106,1
1034302,1
1038442,1
1039602,1
1034427,1
1019452,1
1016967,1
1022244,1
1047778,1
1003009,1
1042013,1
1002186,1
1028807,1
1043894,1
1015235,1
1032446,1
1015403,1
1031643,1
1021927,1
1049647,1
1041952,1
1007158,1
1021521,1
1012467,1
1026586,1
1040721,1
1042524,1
1013386,1
1003738,1
1035586,1
1007656,1
1034211,1
1025749,1
1049946,1
1000792,1
1026420,1
1043601,1
1042140,1
1049795,1
1006324,1
1003735,1
1025539,1
1003414,1
1012928,1
1039446,1
1028510,1
1019226,1
1016694,1
1014563,1
1045795,1
1027678,1
1033820,1
1020899,1
1014178,1
1023123,1
1028556,1
1031505,1
1014999,1
1030462,1
1019534,1
1035264,1
1009661,1
1004773,1
1013578,1
1010495,1
1013561,1
1049957,1
1009406,1
1014640,1
1030641,1
1022323,1
1049816,1
1023753,1
1037200,1
1009416,1
1002102,1
1010112,1
1005271,1
1007127,1
1007998,1
1043590,1
1033943,1
1022073,1
1034559,1
1030741,1
1025632,1
1042772,1
1011516,1
1011357,1
1034226,1
1039903,1
1021188,1
1046099,1
1003116,1
1004485,1
1012834,1
1017847,1
1019669,1
1044640,1
1038386,1
1044430,1
1013150,1
1020722,1
1038576,1
1049100,1
1021828,1
1037060,1
1042468,1
1036022,1
1045008,1
1025932,1
1045719,1
1035192,1
1035535,1
1028551,1
1016872,1
1038177,1
1010130,1
1045113,1
1037142,1
1034247,1
1014789,1
1000110,1
1040188,1
1039619,1
1009148,1
1016321,1
1033267,1
1031865,1
1004300,1
1037741,1
1019516,1
1018096,1
1041460,1
1002218,1
1047824,1
1031386,1
1025705,1
1042218,1
1014132,1
1043507,1
1000376,1
1032084,1
1030557,1
1016585,1
1012238,1
1044502,1
1032691,1
1028513,1
1000727,1
1028408,1
1010840,1
1030238,1
1030369,1
1015814,1
1018074,1
1046432,1
1020820,1
1022058,1
1028300,1
1016956,1
1003305,1
1046937,1
1023409,1
1044718,1
1031604,1
1042018,1
1000699,1
1002512,1
1010243,1
1010307,1
1017547,1
1033568,1
1028346,1
1022126,1
1024370,1
1047013,1
1004929,1
1027013,1
1028218,1
1047928,1
1000159,1
1004780,1
1041205,1
1007876,1
1028961,1
1027615,1
1016713,1
1032545,1
1000243,1
1031155,1
1041785,1
1018726,1
1010801,1
1036263,1
1015761,1
1041976,1
1006442,1
1031593,1
1023734,1
1025236,1
1036908,1
1045788,1
1026952,1
1009614,1
1048807,1
1042388,1
1048289,1
1004131,1
1025398,1
1001540,1
1043109,1
1035051,1
1046560,1
1010593,1
1042261,1
1035544,1
1014272,1
1036423,1
1009401,1
1032617,1
1024275,1
1012078,1
1038661,1
1038762,1
1042568,1
1037524,1
1036029,1
1005466,1
1029105,1
1029203,1
1014094,1
1041026,1
1041513,1
1008118,1
1004638,1
1005477,1
1039755,1
1008730,1
1002062,1
1007856,1
1018368,1
1042032,1
1049029,1
1029877,1
1000267,1
1007181,1
1008017,1
1010545,1
1038172,1
1001570,1
1048300,1
1044328,1
1032591,1
1022132,1
1009244,1
1026110,1
1010835,1
1014508,1
1013121,1
1004699,1
1018757,1
1040756,1
1038241,1
1042428,1
1017866,1
1003617,1
1023248,1
1049806,1
1007700,1
1044647,1
1046252,1
1019980,1
1048172,1
1042671,1
1035060,1
1009680,1
1046848,1
1039995,1
1019248,1
1016370,1
1004473,1
1033654,1
1007879,1
1015024,1
1033857,1
1016968,1
1016794,1
1049209,1
1027769,1
1047082,1
1001526,1
1045747,1
1018304,1
1024318,1
1041729,1
1024333,1
1012810,1
1030521,1
1033153,1
1013622,1
1044174,1
1041814,1
1042709,1
1011968,1
1028886,1
1023475,1
1024297,1
1048088,1
1034531,1
1022899,1
1039216,1
1012710,1
1047791,1
1003751,1
1028946,1
1013024,1
1037292,1
1012420,1
1011660,1
1023231,1
1000827,1
1034696,1
1018106,1
1002371,1
1016822,1
1025410,1
1049804,1
1039032,1
1012531,1
1010932,1
1043235,1
1033375,1
1041076,1
1030037,1
1011307,1
1000773,1
1005435,1
1043347,1
1038777,1
1044239,1
1002275,1
1019868,1
1017294,1
1029674,1
1009637,1
1027778,1
1021288,1
1030845,1
1015667,1
1022145,1
1028860,1
1007843,1
1017291,1
1037600,1
1019502,1
1035308,1
1014413,1
1000604,1
1013966,1
1001085,1
1003339,1
1021644,1
1017599,1
1024580,1
1042285,1
1018224,1
1027745,1
1031005,1
1005745,1
1043844,1
1015637,1
1022537,1
1018949,1
1049144,1
1035220,1
1021905,1
1020353,1
1017330,1
1017747,1
1039559,1
1022979,1
1014522,1
1040460,1
1024193,1
1013053,1
1010493,1
1026626,1
1049979,1
1021981,1
1002717,1
1013438,1
1024345,1
1019825,1
1041284,1
1008302,1
1047293,1
1020945,1
1046982,1
1026934,1
1049472,1
1044883,1
1012232,1
1010531,1
1045802,1
1004539,1
1048646,1
1035760,1
1048109,1
1015880,1
1015005,1
1031954,1
1034550,1
1038754,1
1002505,1
1022307,1
1010048,1
1003640,1
1007342,1
1013536,1
1028871,1
1027548,1
1014852,1
1037358,1
1049123,1
1014674,1
1011552,1
1007104,1
1003425,1
1001783,1
1045584,1
1000755,1
1019104,1
1001499,1
1002724,1
1040757,1
1032358,1
1002541,1
1040014,1
1032505,1
1034241,1
1015320,1
1014251,1
1020056,1
1028980,1
1040043,1
1045485,1
1033171,1
1005311,1
1018681,1
1024503,1
1039906,1
1001420,1
1042649,1
1022957,1
1024117,1
1006474,1
1047763,1
1001432,1
1045658,1
1023819,1
1011255,1
1001837,1
1007323,1
1012075,1
1030848,1
1032681,1
1032990,1
1041270,1
1023561,1
1011496,1
1031376,1
1047192,1
1037187,1
1016677,1
1043007,1
1011010,1
1045721,1
1008548,1
1017306,1
1029827,1
1000956,1
1037930,1
1015279,1
1020193,1
1044037,1
1030204,1
1017564,1
1026726,1
1007359,1
1014763,1
1045843,1
1028342,1
1002871,1
1046267,1
1010896,1
1015746,1
1023557,1
1003977,1
1019888,1
1041330,1
1003500,1
1039104,1
1021875,1
1038445,1
1042171,1
1037057,1
1007192,1
1049096,1
1015318,1
1007148,1
1004024,1
1011208,1
1011335,1
1012774,1
1019647,1
1039460,1
1020576,1
1036711,1
1046239,1
1002053,1
1045520,1
1016051,1
1016092,1
1018829,1
1020294,1
1012911,1
1037517,1
1008993,1
1047349,1
1014617,1
1009327,1
1041352,1
1009887,1
1041255,1
1033591,1
1004380,1
1007378,1
1024843,1
1019828,1
1003185,1
1004547,1
1011645,1
1039824,1
1035521,1
1012588,1
1017859,1
1007064,1
1010019,1
1046019,1
1030426,1
1040612,1
1044976,1
1010815,1
1048428,1
1022857,1
1032665,1
1021791,1
1014318,1
1037297,1
1016156,1
1027734,1
1013717,1
1007603,1
1043863,1
1016976,1
1043474,1
1038359,1
1028525,1
1028159,1
1001853,1
1048704,1
1004469,1
1038273,1
1017844,1
1012181,1
1000737,1
1002195,1
1021597,1
1018746,1
1013164,1
1043860,1
1001409,1
1044821,1
1033597,1
1009126,1
1005704,1
1038424,1
1034980,1
1007775,1
1038518,1
1027293,1
1007682,1
1015582,1
1043255,1
1002793,1
1000028,1
1014390,1
1041804,1
1028904,1
1000039,1
1037649,1
1046939,1
1016256,1
1022854,1
1025488,1
1047568,1
1031105,1
1024839,1
1033184,1
1016227,1
1028843,1
1025406,1
1012134,1
1047358,1
1035553,1
1028204,1
1013658,1
1029722,1
1047467,1
1047619,1
1041614,1
1022929,1
1027755,1
1013720,1
1015440,1
1043149,1
1036982,1
1010857,1
1019691,1
1017140,1
1028108,1
1008231,1
1029507,1
1043429,1
1029581,1
1047604,1
1043288,1
1001204,1
1032322,1
1013067,1
1026752,1
1001950,1
1049482,1
1041552,1
1048845,1
1040432,1
1024955,1
1012846,1
1029786,1
1016340,1
1041693,1
1037455,1
1031867,1
1006458,1
1039048,1
1013649,1
1031813,1
1030335,1
1031812,1
1022703,1
1041078,1
1016424,1
1036836,1
1033856,1
1029091,1
1007567,1
1031166,1
1036153,1
1010588,1
1025123,1
1003120,1
1039462,1
1011814,1
1005774,1
1026426,1
1046709,1
1006371,1
1039092,1
1020989,1
1008150,1
1001749,1
1036475,1
1043670,1
1008181,1
1040449,1
1021933,1
1007308,1
1005787,1
1024290,1
1012764,1
1016816,1
1042334,1
1042303,1
1021130,1
1016087,1
1034776,1
1016483,1
1040852,1
1037565,1
1019999,1
1017925,1
1009088,1
1017442,1
1032728,1
1016842,1
1000253,1
1012828,1
1024004,1
1042867,1
1049314,1
1022753,1
1033283,1
1019287,1
1046030,1
1025304,1
1048449,1
1019085,1
1032377,1
1041676,1
1003450,1
1010922,1
1008413,1
1032577,1
1028735,1
1000429,1
1044303,1
1042758,1
1026716,1
1002229,1
1030725,1
1030850,1
1049381,1
1002103,1
1038407,1
1003870,1
1033993,1
1009304,1
1014385,1
1008321,1
1029199,1
1043357,1
1049274,1
1030995,1
1009141,1
1008787,1
1049766,1
1049583,1
1036915,1
1026686,1
1006881,1
1007309,1
1037259,1
1011667,1
1016045,1
1009790,1
1043671,1
1049022,1
1041483,1
1015534,1
1045357,1
1003754,1
1002443,1
1008555,1
1045096,1
1046281,1
1016569,1
1022042,1
1041584,1
1010787,1
1013375,1
1009086,1
1010315,1
1020040,1
1043714,1
1001871,1
1025008,1
1047104,1
1038329,1
1030534,1
1029291,1
1009326,1
1004521,1
1011304,1
1002699,1
1035283,1
1035689,1
1033031,1
1022438,1
1003085,1
1016185,1
1027377,1
1033378,1
1047229,1
1037676,1
1030889,1
1020116,1
1046766,1
1036662,1
1032444,1
1039518,1
1022877,1
1032206,1
1025760,1
1003140,1
1001102,1
1018731,1
1031549,1
1048062,1
1022913,1
1048730,1
1048217,1
1021477,1
1004505,1
1035823,1
1025819,1
1020597,1
1020679,1
1002900,1
1018040,1
1024764,1
1046537,1
1004267,1
1049649,1
1037495,1
1010125,1
1022478,1
1038322,1
1043910,1
1046834,1
1027372,1
1033192,1
1031269,1
1009774,1
1016807,1
1046951,1
1033310,1
1047842,1
1000141,1
1030017,1
1043285,1
1001260,1
1014514,1
1044229,1
1033890,1
1011474,1
1002801,1
1005368,1
1048036,1
1018931,1
1049972,1
1028206,1
1009354,1
1018684,1
1009676,1
1042086,1
1030458,1
1046471,1
1022174,1
1015372,1
1012601,1
1016043,1
1024831,1
1027512,1
1003737,1
1033263,1
1036350,1
1025526,1
1031841,1
1046860,1
1048167,1
1026619,1
1045056,1
1006211,1
1030016,1
1012859,1
1011229,1
1040085,1
1013241,1
1001072,1
1045289,1
1004523,1
1032209,1
1043580,1
1044260,1
1044901,1
1016834,1
1008873,1
1005827,1
1032922,1
1025551,1
1003832,1
1007409,1
1008040,1
1026615,1
1044126,1
1024207,1
1033980,1
1049432,1
1006581,1
1019242,1
1019791,1
1013512,1
1007971,1
1001846,1
1025218,1
1002052,1
1034611,1
1039572,1
1004896,1
1031815,1
1003672,1
1032856,1
1013133,1
1032872,1
1028422,1
1043859,1
1039853,1
1048079,1
1032798,1
1016960,1
1004752,1
1018263,1
1006067,1
1000904,1
1049591,1
1004358,1
1048531,1
1034318,1
1042639,1
1029913,1
1039035,1
1011264,1
1046387,1
1035851,1
1004010,1
1017984,1
1026294,1
1035828,1
1020805,1
1010868,1
1011000,1
1003851,1
1006536,1
1010371,1
1041988,1
1007105,1
1014086,1
1045869,1
1016400,1
1020695,1
1022180,1
1041585,1
1023100,1
1024269,1
1015239,1
1018769,1
1000362,1
1038376,1
1030363,1
1043038,1
1012811,1
1017553,1
1035212,1
1007755,1
1003314,1
1004774,1
1018429,1
1003409,1
1001025,1
1049940,1
1022942,1
1003244,1
1020646,1
1017627,1
1039408,1
1002660,1
1038809,1
1027116,1
1045638,1
1032063,1
1018637,1
1018957,1
1032508,1
1045416,1
1018298,1
1034492,1
1020078,1
1048059,1
1042546,1
1030285,1
1047721,1
1028377,1
1037238,1
1004093,1
1038110,1
1020381,1
1040970,1
1035514,1
1021902,1
1009267,1
1029167,1
1018976,1
1015110,1
1037302,1
1021553,1
1041216,1
1010524,1
1003398,1
1015523,1
1038119,1
1000341,1
1025469,1
1035389,1
1012766,1
1010470,1
1010397,1
1033903,1
1013108,1
1023144,1
1016405,1
1010662,1
1030696,1
1001068,1
1005637,1
1021176,1
1046963,1
1042861,1
1049344,1
1032902,1
1048713,1
1003300,1
1047698,1
1030199,1
1049282,1
1047021,1
1011009,1
1041495,1
1027606,1
1036118,1
1015252,1
1011401,1
1015736,1
1001400,1
1022790,1
1048702,1
1043840,1
1042901,1
1046525,1
1036878,1
1016148,1
1009935,1
1004054,1
1048102,1
1005319,1
1010309,1
1047592,1
1001760,1
1039112,1
1024168,1
1042073,1
1019215,1
1040134,1
1046634,1
1047925,1
1027947,1
1007605,1
1003530,1
1021290,1
1037854,1
1009298,1
1044234,1
1035290,1
1000688,1
1013553,1
1029473,1
1000369,1
1034490,1
1012439,1
1026769,1
1038023,1
1036299,1
1021306,1
1049683,1
1028150,1
1013961,1
1029329,1
1008725,1
1042031,1
1041085,1
1014512,1
1024159,1
1010040,1
1013543,1
1006920,1
1033352,1
1038265,1
1036934,1
1022794,1
1004863,1
1027696,1
1011294,1
1038048,1
1045509,1
1040513,1
1018321,1
1047656,1
1048176,1
1039989,1
1048948,1
1013293,1
1048677,1
1036760,1
1042257,1
1016428,1
1001031,1
1022003,1
1017284,1
1000166,1
1047762,1
1027970,1
1041990,1
1021605,1
1006934,1
1044867,1
1011078,1
1024853,1
1041218,1
1001186,1
1020686,1
1018820,1
1041608,1
1033029,1
1022032,1
1006569,1
1015016,1
1025382,1
1043937,1
1049053,1
1040669,1
1023810,1
1041761,1
1003857,1
1021424,1
1016813,1
1038618,1
1047541,1
1035663,1
1032099,1
1008856,1
1016651,1
1024140,1
1014316,1
1012946,1
